{"input_mean": [106.965, 1.1051901037991048, 107.22625, 0.14865993471350522, 437.16286708831785, 107.12125, 108.60266409873962, 107.00625, -689.0032469940186, 3.426287121772766, 0.7298681522905827, 4.5754425644874575], "input_std": [2.5305681180319963, 0.027902919574098146, 5.437606177124268, 0.06964089105648251, 1.5897880300281266, 5.506727561583195, 1.5579581715899324, 2.579963359720444, 11.152287045933717, 0.20132600778613896, 0.07132147174912484, 0.4374288482792762], "output_min": [1984.0, 106.0, 104.97319030761719, 7.0], "output_max": [2002.0, 121.0, 165.88327026367188, 7.800000190734863], "genre_encoding": ["Action", "Drama"]}