{"input_min": [2005.0, 3.490000009536743, 0.0], "input_max": [2019.0, 4.650000095367432, 121.0], "output_min": [2011.0, 3.069999933242798, 0.0], "output_max": [2021.0, 4.590000152587891, 47.0], "input_game_genre_encoding": ["Action", "Arcade", "RPG", "Shooter", "Strategy"], "output_game_genre_encoding": ["Action", "Adventure", "Platformer", "RPG", "Simulation"]}