{"input_mean": [109.32375, 1.128357172459364, 114.2275, 0.14038268919219263, 440.59835189819336, 113.54875, 107.66558727264405, 109.1325, -696.6530274200439, 3.311544424891472, 0.6330420700460673, 5.031402128338814], "input_std": [15.405240534879681, 0.18299962180936033, 22.64499379001902, 0.12552443820923748, 3.9310130527602896, 21.901372638204666, 15.145928867318023, 16.012415300322434, 42.64952855729072, 0.8418380015468471, 0.25784940311773663, 1.5176662178153097], "output_min": [1967.0, 95.0, 23742.0, 4.199999809265137], "output_max": [2018.0, 194.0, 1274061.0, 8.0], "output_movie_genre_encoding": ["Action", "Comedy", "Drama"]}