{"input_min": [1967.0, 95.0, 23742.0, 4.199999809265137], "input_max": [2018.0, 194.0, 1274061.0, 8.0], "output_mean": [109.57625, 1.1291022267192603, 113.8125, 0.14176838689367288, 440.571471862793, 113.50125, 107.89547253608704, 109.17625, -696.8529932403565, 3.3099493142962455, 0.6290559270232916, 5.054350555837154], "output_std": [15.390230210672614, 0.18565432384403177, 22.449049952058104, 0.12563336893278637, 3.9129350246094634, 21.64780585734961, 15.240467012096328, 15.68519001917095, 42.91765655316703, 0.8338963704991307, 0.25708390985545476, 1.5125685271801121], "input_movie_genre_encoding": ["Action", "Comedy", "Drama"]}