{"input_mean": [118.4625, 1.2216004461795091, 127.39125, 0.09196237214957365, 439.9943992614746, 128.18875, 121.16484236717224, 119.13375, -684.4057481384277, 3.3381907325983047, 0.763163559064269, 3.874398264884949], "input_std": [21.53528717593522, 0.23787022840778177, 22.311615213549647, 0.08946640028273894, 4.505795571600798, 22.619971782420507, 21.65731070186525, 20.218391650611085, 41.949716260594855, 0.8123548072031314, 0.21242988091480086, 1.4605701193461968], "output_mean": [134.6225, 1.1176558715850116, 134.68875, 0.13259330972796307, 439.4272953414917, 135.38, 132.83712829589842, 133.335, -690.8062169647217, 3.2762555095553396, 0.8380480893701315, 4.139965117573738], "output_std": [134.6225, 1.1176558715850116, 134.68875, 0.13259330972796307, 439.4272953414917, 135.38, 132.83712829589842, 133.335, -690.8062169647217, 3.2762555095553396, 0.8380480893701315, 4.139965117573738]}