{"input_min": [1972.0, 81.0, 665342.0, 7.599999904632568], "input_max": [2016.0, 194.0, 2855919.0, 9.199999809265137], "output_min": [1952.0, 22.0, 579.0, 6.900000095367432], "output_max": [2019.0, 207.0, 2879728.0, 9.300000190734863], "input_movie_genre_encoding": ["Action", "Adventure", "Animation", "Comedy", "Crime", "Drama"], "output_movie_genre_encoding": ["Action", "Adventure", "Animation", "Biography", "Crime", "Documentary", "Drama"]}