{"input_min": [2002.0, 3.5299999713897705, 0.0], "input_max": [2021.0, 4.590000152587891, 47.0], "output_mean": [129.0475, 1.1357121874392033, 133.8025, 0.13261574740055948, 439.8188591384888, 134.68625, 134.66793719291687, 127.2025, -683.6592886352539, 3.3762212774157523, 0.7922098581492901, 3.8422431775927546], "output_std": [24.96377863525472, 0.10485849612993219, 27.384959261426697, 0.0837210928375797, 2.5103681777161815, 26.922951378656464, 21.3613238987285, 25.685774151269023, 60.05210360352501, 0.5942728311800638, 0.21961517283000015, 1.6322678624543756], "input_game_genre_encoding": ["Action", "Adventure", "Arcade", "Racing", "Strategy"]}